"admin0_name","admin1_name","admin2_name","iso3","gaul0_code","gaul1_code","gaul2_code","tv","internet","cellphone"
"Algeria","Adrar",\N,"DZA",101,1001,\N,96.91329193115234,23.75639533996582,91.4104232788086
"Algeria","Ain-Defla",\N,"DZA",101,1002,\N,99.88481903076172,29.861003875732422,93.43108367919922
"Algeria","Ain-Temouchent",\N,"DZA",101,1003,\N,99,21.799999237060547,89.10000610351562
"Algeria","Alger",\N,"DZA",101,1004,\N,99.90000915527344,30.000001907348633,93.50000762939453
"Algeria","Annaba",\N,"DZA",101,1005,\N,99.0999984741211,23.700000762939453,97.30000305175781
"Algeria","Batna",\N,"DZA",101,1006,\N,98.94963836669922,22.40818977355957,95.25005340576172
"Algeria","Bechar",\N,"DZA",101,1007,\N,97.11073303222656,23.871021270751953,91.39472961425781
"Algeria","Bejaia",\N,"DZA",101,1008,\N,99.02729797363281,22.6318359375,95.25163269042969
"Algeria","Biskra",\N,"DZA",101,1009,\N,97.14353942871094,23.68828582763672,91.58836364746094
"Algeria","Blida",\N,"DZA",101,1010,\N,99.9000015258789,30.000001907348633,93.50000762939453
"Algeria","Bordj Bou Arrer",\N,"DZA",101,1011,\N,98.94268798828125,22.329771041870117,95.3680419921875
"Algeria","Bouira",\N,"DZA",101,1012,\N,99.87110137939453,29.81829071044922,93.55078125
"Algeria","Boumerdes",\N,"DZA",101,1013,\N,99.9000015258789,30,93.5
"Algeria","Chlef",\N,"DZA",101,1014,\N,99.88858032226562,29.895708084106445,93.44650268554688
"Algeria","Constantine",\N,"DZA",101,1015,\N,99.09813690185547,23.67583656311035,97.26282501220703
"Algeria","Djelfa",\N,"DZA",101,1016,\N,97.5245590209961,19.6003360748291,97.07400512695312
"Algeria","El Bayadh",\N,"DZA",101,1017,\N,98.58521270751953,18.147947311401367,87.66776275634766
"Algeria","El Oued",\N,"DZA",101,1018,\N,97.1220932006836,23.907503128051758,91.46797180175781
"Algeria","El-Tarf",\N,"DZA",101,1019,\N,99.11331939697266,23.853120803833008,97.28668975830078
"Algeria","Ghardaia",\N,"DZA",101,1020,\N,97.10557556152344,23.76568031311035,91.41802978515625
"Algeria","Guelma",\N,"DZA",101,1021,\N,99.0989761352539,23.686670303344727,97.27949523925781
"Algeria","Illizi",\N,"DZA",101,1022,\N,97.00775146484375,23.801084518432617,91.362548828125
"Algeria","Jijel",\N,"DZA",101,1023,\N,99.09990692138672,23.69875717163086,97.298095703125
"Algeria","Khenchela",\N,"DZA",101,1024,\N,98.9638671875,22.426626205444336,95.22583770751953
"Algeria","Laghouat",\N,"DZA",101,1025,\N,97.51126098632812,19.51664924621582,97.02584075927734
"Algeria","M'Sila",\N,"DZA",101,1026,\N,97.54000854492188,19.67397689819336,97.079345703125
"Algeria","Mascara",\N,"DZA",101,1027,\N,98.9921646118164,21.727548599243164,89.07062530517578
"Algeria","Medea",\N,"DZA",101,1028,\N,99.81810760498047,29.584482192993164,93.553466796875
"Algeria","Mila",\N,"DZA",101,1029,\N,99.0976791381836,23.66990089416504,97.25369262695312
"Algeria","Mostaganem",\N,"DZA",101,1030,\N,99.01080322265625,21.898427963256836,89.1528091430664
"Algeria",\N,\N,"DZA",101,\N,\N,97.26612091064453,23.32581329345703,91.53070831298828
"Algeria","Naama",\N,"DZA",101,1031,\N,98.59994506835938,18.284242630004883,87.64095306396484
"Algeria","Oran",\N,"DZA",101,1032,\N,98.99999237060547,21.799999237060547,89.0999984741211
"Algeria","Ouargla",\N,"DZA",101,1033,\N,97.10118865966797,23.803804397583008,91.41085052490234
"Algeria","Oum El Bouaghi",\N,"DZA",101,1034,\N,99.00464630126953,22.46036148071289,95.39287567138672
"Algeria","Relizane",\N,"DZA",101,1035,\N,99.02522277832031,22.028873443603516,89.23039245605469
"Algeria","Saida",\N,"DZA",101,1036,\N,98.6106185913086,18.198204040527344,87.63981628417969
"Algeria","Setif",\N,"DZA",101,1037,\N,98.99240112304688,22.4044189453125,95.34632110595703
"Algeria","Sidi Bel Abbes",\N,"DZA",101,1038,\N,98.98219299316406,21.635278701782227,89.03321838378906
"Algeria","Skikda",\N,"DZA",101,1039,\N,99.0999984741211,23.700000762939453,97.30000305175781
"Algeria","Souk-Ahras",\N,"DZA",101,1040,\N,99.10123443603516,23.707773208618164,97.20868682861328
"Algeria","Tamanrasset",\N,"DZA",101,1041,\N,96.96514892578125,23.79279327392578,91.35517883300781
"Algeria","Tebessa",\N,"DZA",101,1042,\N,98.99869537353516,22.568767547607422,95.32597351074219
"Algeria","Tiaret",\N,"DZA",101,1043,\N,98.58647918701172,18.150493621826172,87.75741577148438
"Algeria","Tindouf",\N,"DZA",101,1044,\N,97.07653045654297,23.81006622314453,91.40802001953125
"Algeria","Tipaza",\N,"DZA",101,1045,\N,99.9000015258789,29.999998092651367,93.49999237060547
"Algeria","Tissemsilt",\N,"DZA",101,1046,\N,98.67823791503906,18.816728591918945,87.95101928710938
"Algeria","Tizi Ouzou",\N,"DZA",101,1047,\N,99.8695297241211,29.74272346496582,93.56092834472656
"Algeria","Tlemcen",\N,"DZA",101,1048,\N,99.01969146728516,22.15985107421875,89.09347534179688
"Angola","Bengo",\N,"AGO",102,1049,\N,48.05442810058594,13.745587348937988,61.13710021972656
"Angola","Benguela",\N,"AGO",102,1050,\N,34.73027420043945,7.012945652008057,55.63630676269531
"Angola","Bié",\N,"AGO",102,1051,\N,29.42845916748047,3.635894298553467,43.7946662902832
"Angola","Cabinda",\N,"AGO",102,1052,\N,67.83843994140625,9.492912292480469,83.10001373291016
"Angola","Cuando Cubango",\N,"AGO",102,1053,\N,54.12138366699219,6.284574031829834,72.64006042480469
"Angola","Cuanza Norte",\N,"AGO",102,1054,\N,46.40932846069336,8.482470512390137,59.455108642578125
"Angola","Cuanza Sul",\N,"AGO",102,1055,\N,30.101158142089844,4.705855369567871,68.77517700195312
"Angola","Cunene",\N,"AGO",102,1056,\N,11.410050392150879,2.563013792037964,81.6893310546875
"Angola","Huambo",\N,"AGO",102,1057,\N,31.582002639770508,7.739968299865723,37.011558532714844
"Angola","Huíla",\N,"AGO",102,1058,\N,32.50067138671875,9.140052795410156,43.72811508178711
"Angola","Luanda",\N,"AGO",102,1059,\N,51.75941467285156,16.459197998046875,64.22756958007812
"Angola","Lunda Norte",\N,"AGO",102,1060,\N,50.46160125732422,6.834444522857666,68.8108139038086
"Angola","Lunda Sul",\N,"AGO",102,1061,\N,64.14570617675781,4.519378662109375,87.1242446899414
"Angola","Malanje",\N,"AGO",102,1062,\N,58.02789306640625,7.866282939910889,63.65869903564453
"Angola","Moxico",\N,"AGO",102,1063,\N,39.999000549316406,5.49883508682251,30.671483993530273
"Angola",\N,\N,"AGO",102,\N,\N,43.69989013671875,6.697676181793213,59.585174560546875
"Angola","Namibe",\N,"AGO",102,1064,\N,54.925167083740234,12.697239875793457,67.84362030029297
"Angola","Uíge",\N,"AGO",102,1065,\N,20.25556755065918,6.013942718505859,36.64784622192383
"Angola","Zaire",\N,"AGO",102,1066,\N,81.70848846435547,9.598447799682617,98.64862823486328
"Benin","Alibori",\N,"BEN",105,1071,\N,24.54006576538086,55.11308288574219,72.99977111816406
"Benin","Atacora",\N,"BEN",105,1072,\N,21.999656677246094,65.7408676147461,74.84376525878906
"Benin","Atlantique",\N,"BEN",105,1073,\N,33.985267639160156,70.21470642089844,86.3714599609375
"Benin","Borgou",\N,"BEN",105,1074,\N,25.198759078979492,55.266456604003906,73.10203552246094
"Benin","Collines",\N,"BEN",105,1075,\N,17.027158737182617,48.047611236572266,80.58168029785156
"Benin","Couffo",\N,"BEN",105,1076,\N,9.718208312988281,35.26354217529297,79.515869140625
"Benin","Donga",\N,"BEN",105,1077,\N,22.23626708984375,65.92184448242188,74.66729736328125
"Benin","Littoral",\N,"BEN",105,1078,\N,35.89999771118164,72.9000015258789,86.99999237060547
"Benin","Mono",\N,"BEN",105,1079,\N,8.659969329833984,36.05036544799805,78.67693328857422
"Benin",\N,\N,"BEN",105,\N,\N,22.327823638916016,56.25337219238281,75.66014099121094
"Benin","Oueme",\N,"BEN",105,1080,\N,20.940587997436523,44.839847564697266,80.9280776977539
"Benin","Plateau",\N,"BEN",105,1081,\N,20.90653419494629,43.946929931640625,80.75704193115234
"Benin","Zou",\N,"BEN",105,1082,\N,16.532190322875977,48.240997314453125,80.42315673828125
"Botswana","Central",\N,"BWA",106,1083,\N,40.30752944946289,44.8315315246582,99.86216735839844
"Botswana","Chobe",\N,"BWA",106,1084,\N,55.1662712097168,57.45674514770508,99.70387268066406
"Botswana","Francistown",\N,"BWA",106,1085,\N,47.20000076293945,49.40000534057617,99.9000015258789
"Botswana","Gaborone",\N,"BWA",106,1086,\N,57.13661193847656,86.12843322753906,99.9000015258789
"Botswana","Ghanzi",\N,"BWA",106,1087,\N,49.573936462402344,28.006744384765625,97.01976013183594
"Botswana","Jwaneng",\N,"BWA",106,1088,\N,46.975738525390625,44.640228271484375,99.9000015258789
"Botswana","Kgalagadi",\N,"BWA",106,1089,\N,51.322357177734375,44.292354583740234,99.88783264160156
"Botswana","Kgatleng",\N,"BWA",106,1090,\N,60.210147857666016,70.28429412841797,99.90000915527344
"Botswana","Kweneng",\N,"BWA",106,1091,\N,47.31201171875,44.08024978637695,99.89752197265625
"Botswana","Lobatse",\N,"BWA",106,1092,\N,54.5,99.9000015258789,99.9000015258789
"Botswana",\N,\N,"BWA",106,\N,\N,46.056053161621094,40.9967155456543,99.29839324951172
"Botswana","North East",\N,"BWA",106,1093,\N,46.461490631103516,48.856109619140625,99.58749389648438
"Botswana","North West",\N,"BWA",106,1094,\N,40.726043701171875,37.54783630371094,99.86206817626953
"Botswana","Orapa",\N,"BWA",106,1095,\N,40.20000076293945,45,99.89999389648438
"Botswana","Selibe Phikwe",\N,"BWA",106,1096,\N,40.20000076293945,45,99.90000915527344
"Botswana","South East",\N,"BWA",106,1097,\N,55.95463943481445,87.93815612792969,99.90000915527344
"Botswana","Southern",\N,"BWA",106,1098,\N,49.42791748046875,46.980735778808594,99.9000015258789
"Botswana","Sowa Town",\N,"BWA",106,1099,\N,40.20000076293945,45,99.9000015258789
"Burkina Faso","Boucle Du Mouhoun",\N,"BFA",108,1101,\N,31.982690811157227,18.889408111572266,98.70198822021484
"Burkina Faso","Cascades",\N,"BFA",108,1102,\N,57.710479736328125,17.192588806152344,99.0748519897461
"Burkina Faso","Centre",\N,"BFA",108,1103,\N,60.93838119506836,34.271854400634766,99.32022094726562
"Burkina Faso","Centre-Est",\N,"BFA",108,1104,\N,27.522205352783203,31.543025970458984,98.72760772705078
"Burkina Faso","Centre-Nord",\N,"BFA",108,1105,\N,19.75151252746582,10.950006484985352,98.93122100830078
"Burkina Faso","Centre-Ouest",\N,"BFA",108,1106,\N,25.53995704650879,13.830244064331055,97.55033874511719
"Burkina Faso","Centre-Sud",\N,"BFA",108,1107,\N,24.415508270263672,4.964329242706299,98.17497253417969
"Burkina Faso","Est",\N,"BFA",108,1108,\N,11.36235237121582,12.874703407287598,97.41778564453125
"Burkina Faso","Hauts-Bassins",\N,"BFA",108,1109,\N,55.52982711791992,34.2193717956543,98.88301086425781
"Burkina Faso",\N,\N,"BFA",108,\N,\N,27.435274124145508,17.89089012145996,97.78652954101562
"Burkina Faso","Nord",\N,"BFA",108,1110,\N,23.660234451293945,10.248856544494629,98.77845001220703
"Burkina Faso","Plateau-Central",\N,"BFA",108,1111,\N,25.946014404296875,24.168428421020508,99.16216278076172
"Burkina Faso","Sahel",\N,"BFA",108,1112,\N,18.941511154174805,22.977949142456055,96.01244354248047
"Burkina Faso","Sud-Ouest",\N,"BFA",108,1113,\N,18.939067840576172,6.80036735534668,93.46817779541016
"Burundi","Bubanza",\N,"BDI",109,1114,\N,13.59179401397705,0.36000001430511475,73.1954574584961
"Burundi","Bujumbura",\N,"BDI",109,1115,\N,12.824660301208496,0.36000001430511475,73.1666030883789
"Burundi","Bururi",\N,"BDI",109,1116,\N,4.095691204071045,nan,70.72544860839844
"Burundi","Cankuzo",\N,"BDI",109,1117,\N,2.2883827686309814,nan,60.614219665527344
"Burundi","Cibitoke",\N,"BDI",109,1118,\N,13.655799865722656,0.36000001430511475,73.65985107421875
"Burundi","Gitega",\N,"BDI",109,1119,\N,2.271378517150879,nan,54.48222351074219
"Burundi","Karuzi",\N,"BDI",109,1120,\N,2.2903847694396973,nan,53.99067306518555
"Burundi","Kayanza",\N,"BDI",109,1121,\N,3.1364879608154297,nan,46.20808410644531
"Burundi","Kirundo",\N,"BDI",109,1122,\N,3.4110934734344482,nan,47.01080322265625
"Burundi","Mairie De Bujumbura",\N,"BDI",109,1123,\N,13.90000057220459,nan,74.90000915527344
"Burundi","Makamba",\N,"BDI",109,1124,\N,4.591662883758545,nan,72.47418975830078
"Burundi","Muramvya",\N,"BDI",109,1125,\N,3.274531364440918,nan,55.33207702636719
"Burundi","Muyinga",\N,"BDI",109,1126,\N,4.854235649108887,nan,48.53429412841797
"Burundi","Mwaro",\N,"BDI",109,1127,\N,2.421720504760742,nan,55.245574951171875
"Burundi",\N,\N,"BDI",109,\N,\N,4.75894021987915,0.36000001430511475,60.096588134765625
"Burundi","Ngozi",\N,"BDI",109,1128,\N,2.836160898208618,nan,45.27937316894531
"Burundi","Rumonge",\N,"BDI",109,1129,\N,6.849327087402344,nan,73.06770324707031
"Burundi","Rutana",\N,"BDI",109,1130,\N,2.250812292098999,nan,61.22698211669922
"Burundi","Ruyigi",\N,"BDI",109,1131,\N,2.5730581283569336,nan,61.138038635253906
"Cabo Verde","Boavista",\N,"CPV",111,1133,\N,nan,nan,nan
"Cabo Verde","Brava",\N,"CPV",111,1134,\N,nan,nan,nan
"Cabo Verde","Fogo",\N,"CPV",111,1135,\N,86.49999237060547,53.499996185302734,nan
"Cabo Verde","Maio",\N,"CPV",111,1136,\N,nan,nan,nan
"Cabo Verde",\N,\N,"CPV",111,\N,\N,83.20289611816406,43.94304275512695,nan
"Cabo Verde","Sal",\N,"CPV",111,1137,\N,nan,nan,nan
"Cabo Verde","Santiago",\N,"CPV",111,1138,\N,85.78225708007812,39.28705978393555,nan
"Cabo Verde","Santo Antao",\N,"CPV",111,1139,\N,78.19999694824219,42.20000457763672,nan
"Cabo Verde","Sao Nicolau",\N,"CPV",111,1140,\N,nan,nan,nan
"Cabo Verde","Sao Vicente",\N,"CPV",111,1141,\N,83.19999694824219,51.900001525878906,nan
"Cameroon","Adamaoua",\N,"CMR",112,1142,\N,29.750598907470703,8.546340942382812,93.06902313232422
"Cameroon","Centre",\N,"CMR",112,1143,\N,71.17581939697266,20.396556854248047,99.02840423583984
"Cameroon","Est",\N,"CMR",112,1144,\N,40.19457244873047,8.854840278625488,86.06761932373047
"Cameroon","Extrême-Nord",\N,"CMR",112,1145,\N,14.677109718322754,2.747901678085327,81.58979797363281
"Cameroon","Littoral",\N,"CMR",112,1146,\N,82.599853515625,18.244598388671875,97.9218521118164
"Cameroon",\N,\N,"CMR",112,\N,\N,47.95692825317383,10.274662017822266,90.93232727050781
"Cameroon","Nord",\N,"CMR",112,1147,\N,22.527772903442383,3.8015851974487305,89.47964477539062
"Cameroon","Nord-Ouest",\N,"CMR",112,1148,\N,48.7911262512207,7.523886203765869,90.61954498291016
"Cameroon","Ouest",\N,"CMR",112,1149,\N,63.304443359375,9.016302108764648,99.69791412353516
"Cameroon","Sud",\N,"CMR",112,1150,\N,71.68016052246094,9.95456600189209,86.40126037597656
"Cameroon","Sud-Ouest",\N,"CMR",112,1151,\N,98.50628662109375,17.75345802307129,99.53548431396484
"Central African Republic","Bas-Oubangui",\N,"CAF",113,1152,\N,11.113837242126465,5.719844818115234,42.53561019897461
"Central African Republic","Equateur",\N,"CAF",113,1153,\N,0.5275058746337891,1.7414695024490356,26.96465301513672
"Central African Republic","Fertit",\N,"CAF",113,1154,\N,1.1382259130477905,0.7347089648246765,27.586145401000977
"Central African Republic","Haut-Oubangui",\N,"CAF",113,1155,\N,0.3245285451412201,0.363229900598526,11.934941291809082
"Central African Republic","Kagas",\N,"CAF",113,1156,\N,1.9123561382293701,1.4183202981948853,28.316267013549805
"Central African Republic",\N,\N,"CAF",113,\N,\N,1.0392661094665527,1.0601993799209595,23.0704345703125
"Central African Republic","Plateaux",\N,"CAF",113,1157,\N,3.177251100540161,2.397956609725952,30.1055965423584
"Central African Republic","Yadé",\N,"CAF",113,1158,\N,0.236961230635643,1.1306854486465454,17.39794158935547
"Chad","Barh-El-Gazel",\N,"TCD",114,1159,\N,0.016397962346673012,1.0609359741210938,85.44084167480469
"Chad","Batha",\N,"TCD",114,1160,\N,2.1504645347595215,1.1826456785202026,71.70745086669922
"Chad","Borkou",\N,"TCD",114,1161,\N,0.019864285364747047,1.0608985424041748,85.45911407470703
"Chad","Chari-Baguirmi",\N,"TCD",114,1162,\N,0.0624467097222805,1.2808011770248413,78.13832092285156
"Chad","Ennedi Est",\N,"TCD",114,1163,\N,0.10993290692567825,1.0808590650558472,85.37803649902344
"Chad","Ennedi Ouest",\N,"TCD",114,1164,\N,0.06399738043546677,1.0716274976730347,85.43922424316406
"Chad","Guéra",\N,"TCD",114,1165,\N,2.1534128189086914,1.180262565612793,71.42656707763672
"Chad","Hadjer Lamis",\N,"TCD",114,1166,\N,0.2505687177181244,1.3157012462615967,78.8114013671875
"Chad","Hadjer-Lamis",\N,"TCD",114,1167,\N,0.010000000707805157,1.2770123481750488,78.8909912109375
"Chad","Kanem",\N,"TCD",114,1168,\N,0.14605197310447693,1.0601954460144043,85.4701919555664
"Chad","Lac",\N,"TCD",114,1169,\N,0.27385514974594116,1.1691771745681763,84.85667419433594
"Chad","Logone Occidental",\N,"TCD",114,1170,\N,0.06398975849151611,1.9329136610031128,53.999847412109375
"Chad","Logone Oriental",\N,"TCD",114,1171,\N,0.10117217898368835,1.9206868410110474,53.58122253417969
"Chad","Mandoul",\N,"TCD",114,1172,\N,0.010540232993662357,0.9519746899604797,57.05683898925781
"Chad","Mayo-Kebbi Est",\N,"TCD",114,1173,\N,0.6674181818962097,1.7847626209259033,71.16696166992188
"Chad","Mayo-Kebbi Ouest",\N,"TCD",114,1174,\N,0.8890070915222168,1.8172380924224854,71.21554565429688
"Chad","Moyen-Chari",\N,"TCD",114,1175,\N,0.04582086205482483,0.9331297874450684,57.24419403076172
"Chad","N'Djamena",\N,"TCD",114,1176,\N,27.835094451904297,7.987005233764648,81.39794921875
"Chad",\N,\N,"TCD",114,\N,\N,1.0220540761947632,1.2647801637649536,79.19215393066406
"Chad","Ouaddaï",\N,"TCD",114,1177,\N,6.20784330368042,2.364943742752075,78.62744140625
"Chad","Salamat",\N,"TCD",114,1178,\N,2.18206524848938,1.1839964389801025,71.19641876220703
"Chad","Sila",\N,"TCD",114,1179,\N,6.216851234436035,2.3398618698120117,78.4924545288086
"Chad","Tandjilé",\N,"TCD",114,1180,\N,0.015643054619431496,1.9183424711227417,54.206817626953125
"Chad","Tibesti",\N,"TCD",114,1181,\N,0.1269446313381195,1.059999942779541,85.44380950927734
"Chad","Wadi Fira",\N,"TCD",114,1182,\N,6.0896525382995605,2.3524856567382812,78.56682586669922
"Comoros","Anjouan (Ndzouani)",\N,"COM",115,1183,\N,59.29999923706055,37.30000305175781,87.70000457763672
"Comoros","Grande Comore (Ngazidja)",\N,"COM",115,1184,\N,70.0999984741211,46.70000076293945,95.4000015258789
"Comoros","Mohéli (Mwali)",\N,"COM",115,1185,\N,57.30000305175781,49.30000305175781,86.69999694824219
"Comoros",\N,\N,"COM",115,\N,\N,66.20970153808594,45.12702941894531,92.68256378173828
"Congo","Bouenza",\N,"COG",116,1186,\N,35.221736907958984,11.264400482177734,81.22854614257812
"Congo","Brazzaville",\N,"COG",116,1187,\N,36.16435241699219,15.820375442504883,86.25587463378906
"Congo","Cuvette",\N,"COG",116,1188,\N,48.43022537231445,12.44643497467041,93.6934585571289
"Congo","Cuvette-Ouest",\N,"COG",116,1189,\N,31.844318389892578,7.258791446685791,75.0298843383789
"Congo","Kouilou",\N,"COG",116,1190,\N,26.23357582092285,2.716716766357422,91.19723510742188
"Congo","Lekoumou",\N,"COG",116,1191,\N,23.651628494262695,5.197864055633545,75.62089538574219
"Congo","Likouala",\N,"COG",116,1192,\N,25.745885848999023,7.247674942016602,78.45306396484375
"Congo",\N,\N,"COG",116,\N,\N,35.16952896118164,9.870534896850586,84.79116821289062
"Congo","Niari",\N,"COG",116,1193,\N,44.270755767822266,17.420516967773438,82.19744873046875
"Congo","Plateaux",\N,"COG",116,1194,\N,31.513126373291016,8.979726791381836,92.84798431396484
"Congo","Point-Noire",\N,"COG",116,1195,\N,48.7570915222168,23.00156593322754,95.12276458740234
"Congo","Pool",\N,"COG",116,1196,\N,15.335933685302734,4.023573398590088,82.65308380126953
"Congo","Sangha",\N,"COG",116,1197,\N,53.05331802368164,15.492473602294922,89.43061828613281
"Côte D'Ivoire","Abidjan",\N,"CIV",117,1198,\N,47.13429641723633,nan,93.88285827636719
"Côte D'Ivoire","Bas-Sassandra",\N,"CIV",117,1199,\N,54.27801513671875,nan,92.95824432373047
"Côte D'Ivoire","Comoé",\N,"CIV",117,1200,\N,47.40912628173828,32.68153381347656,94.3778076171875
"Côte D'Ivoire","Denguélé",\N,"CIV",117,1201,\N,37.16819381713867,18.399999618530273,90.45569610595703
"Côte D'Ivoire","Gôh-Djiboua",\N,"CIV",117,1202,\N,39.13105010986328,nan,86.25579071044922
"Côte D'Ivoire","Lacs",\N,"CIV",117,1203,\N,41.643165588378906,nan,93.6067123413086
"Côte D'Ivoire","Lagunes",\N,"CIV",117,1204,\N,41.2520637512207,nan,92.6049575805664
"Côte D'Ivoire","Montagnes",\N,"CIV",117,1205,\N,74.26480865478516,nan,95.61822509765625
"Côte D'Ivoire",\N,\N,"CIV",117,\N,\N,49.458404541015625,21.282386779785156,92.97817993164062
"Côte D'Ivoire","Sassandra-Marahoué",\N,"CIV",117,1206,\N,45.97898483276367,nan,94.63126373291016
"Côte D'Ivoire","Savanes",\N,"CIV",117,1207,\N,49.24052047729492,17.598155975341797,96.5476303100586
"Côte D'Ivoire","Vallée Du Bandama",\N,"CIV",117,1208,\N,42.32429504394531,nan,93.82594299316406
"Côte D'Ivoire","Woroba",\N,"CIV",117,1209,\N,41.9773063659668,nan,92.97769927978516
"Côte D'Ivoire","Yamoussoukro",\N,"CIV",117,1210,\N,61.040897369384766,nan,94.59602355957031
"Côte D'Ivoire","Zanzan",\N,"CIV",117,1211,\N,49.49977111816406,18.88640022277832,95.21846008300781
"Democratic Republic of the Congo","Bas-Uélé",\N,"COD",118,1212,\N,7.479002952575684,1.2863901853561401,54.29703140258789
"Democratic Republic of the Congo","Équateur",\N,"COD",118,1237,\N,0.34260138869285583,1.5128196477890015,25.884422302246094
"Democratic Republic of the Congo","Haut-Katanga",\N,"COD",118,1213,\N,18.54106330871582,1.4159910678863525,49.41813659667969
"Democratic Republic of the Congo","Haut-Lomami",\N,"COD",118,1214,\N,18.28594398498535,1.2755852937698364,49.0897331237793
"Democratic Republic of the Congo","Haut-Uélé",\N,"COD",118,1215,\N,7.508735656738281,1.2810852527618408,54.572818756103516
"Democratic Republic of the Congo","Ituri",\N,"COD",118,1216,\N,7.677084445953369,1.2841769456863403,54.715110778808594
"Democratic Republic of the Congo","Kasaï",\N,"COD",118,1217,\N,0.1191091313958168,0.6458665728569031,20.45135498046875
"Democratic Republic of the Congo","Kasaï-Central",\N,"COD",118,1218,\N,0.08515331894159317,0.632522702217102,20.578643798828125
"Democratic Republic of the Congo","Kasaï-Oriental",\N,"COD",118,1219,\N,0.35893768072128296,0.5815364122390747,46.273399353027344
"Democratic Republic of the Congo","Kinshasa",\N,"COD",118,1220,\N,70.43383026123047,3.5589473247528076,74.24501037597656
"Democratic Republic of the Congo","Kongo Central",\N,"COD",118,1221,\N,29.56606101989746,1.0050859451293945,59.716426849365234
"Democratic Republic of the Congo","Kwango",\N,"COD",118,1222,\N,0.6177219152450562,0.9940506219863892,26.670093536376953
"Democratic Republic of the Congo","Kwilu",\N,"COD",118,1223,\N,0.010000000707805157,0.9188646674156189,26.176509857177734
"Democratic Republic of the Congo","Lomami",\N,"COD",118,1224,\N,0.6764305830001831,0.5918483138084412,47.01726531982422
"Democratic Republic of the Congo","Lualaba",\N,"COD",118,1225,\N,18.59238624572754,1.3578321933746338,49.15828323364258
"Democratic Republic of the Congo","Mai-Ndombe",\N,"COD",118,1226,\N,0.11755453050136566,0.9388532042503357,26.343547821044922
"Democratic Republic of the Congo","Maniema",\N,"COD",118,1227,\N,0.3618164658546448,0.11834630370140076,35.2447509765625
"Democratic Republic of the Congo","Mongala",\N,"COD",118,1228,\N,0.08930870145559311,1.438420295715332,25.608596801757812
"Democratic Republic of the Congo",\N,\N,"COD",118,\N,\N,7.859739780426025,1.0850086212158203,41.336273193359375
"Democratic Republic of the Congo","Nord-Kivu",\N,"COD",118,1229,\N,27.950597763061523,0.5569204688072205,54.48198318481445
"Democratic Republic of the Congo","Nord-Ubangi",\N,"COD",118,1230,\N,0.06871350854635239,1.4326351881027222,25.392772674560547
"Democratic Republic of the Congo","Sankuru",\N,"COD",118,1231,\N,0.36482444405555725,0.5818002820014954,46.7510871887207
"Democratic Republic of the Congo","Sud-Kivu",\N,"COD",118,1232,\N,21.350088119506836,0.35961419343948364,61.82589340209961
"Democratic Republic of the Congo","Sud-Ubangi",\N,"COD",118,1233,\N,0.15368029475212097,1.4747002124786377,25.588163375854492
"Democratic Republic of the Congo","Tanganyika",\N,"COD",118,1234,\N,18.380517959594727,1.2793270349502563,49.1020393371582
"Democratic Republic of the Congo","Tshopo",\N,"COD",118,1235,\N,7.487148761749268,1.2854305505752563,54.371376037597656
"Democratic Republic of the Congo","Tshuapa",\N,"COD",118,1236,\N,0.051963530480861664,1.4343196153640747,25.52637481689453
"Djibouti","Ali Sabieh",\N,"DJI",119,1238,\N,31.089475631713867,nan,21.94211196899414
"Djibouti","Arta",\N,"DJI",119,1239,\N,31.964488983154297,nan,19.608402252197266
"Djibouti","Dikhil",\N,"DJI",119,1240,\N,31.11033058166504,nan,19.78326416015625
"Djibouti","Djiboutii",\N,"DJI",119,1241,\N,61.45206069946289,nan,46.16612243652344
"Djibouti",\N,\N,"DJI",119,\N,\N,31.54415512084961,nan,19.93641471862793
"Djibouti","Obock",\N,"DJI",119,1242,\N,31.24007225036621,nan,19.100000381469727
"Djibouti","Tadjoura",\N,"DJI",119,1243,\N,31.327009201049805,nan,19.275388717651367
"Egypt","Al-, Ismailia",\N,"EGY",120,1244,\N,99.8447036743164,nan,99.9000015258789
"Egypt","Alexandria",\N,"EGY",120,1245,\N,99.58531188964844,nan,99.9000015258789
"Egypt","Assiut",\N,"EGY",120,1246,\N,97.60188293457031,nan,99.89999389648438
"Egypt","Aswan",\N,"EGY",120,1247,\N,98.69503784179688,4.25537633895874,99.89038848876953
"Egypt","Behera",\N,"EGY",120,1248,\N,99.13009643554688,nan,99.88703155517578
"Egypt","Beni Suef",\N,"EGY",120,1249,\N,99.85162353515625,nan,99.88699340820312
"Egypt","Bīr Ṭawīl",\N,"EGY",110,1132,\N,96.96060943603516,8.819931983947754,98.2574691772461
"Egypt","Cairo",\N,"EGY",120,1250,\N,99.85199737548828,nan,99.80706024169922
"Egypt","Dakahlia",\N,"EGY",120,1251,\N,98.38727569580078,nan,99.9000015258789
"Egypt","Damietta",\N,"EGY",120,1252,\N,99.17010498046875,nan,99.9000015258789
"Egypt","Fayoum",\N,"EGY",120,1253,\N,98.11619567871094,nan,99.8493423461914
"Egypt","Gharbia",\N,"EGY",120,1254,\N,97.9542236328125,nan,99.9000015258789
"Egypt","Giza",\N,"EGY",120,1255,\N,99.8824462890625,nan,98.46243286132812
"Egypt","Hala'Ib Triangle",\N,"EGY",133,1349,\N,56.64272689819336,11.200000762939453,73.33332061767578
"Egypt","Ismailia",\N,"EGY",120,1256,\N,99.8997573852539,nan,99.9000015258789
"Egypt","Kafr El-Shikh",\N,"EGY",120,1257,\N,99.82320404052734,nan,99.89999389648438
"Egypt","Kalyoubia",\N,"EGY",120,1258,\N,96.56620025634766,nan,99.88726043701172
"Egypt","Luxor",\N,"EGY",120,1259,\N,99.9000015258789,nan,99.9000015258789
"Egypt","Matrouh",\N,"EGY",120,1260,\N,99.89949798583984,nan,99.896728515625
"Egypt","Menia",\N,"EGY",120,1261,\N,99.10733032226562,nan,99.89114379882812
"Egypt","Menoufia",\N,"EGY",120,1262,\N,99.70254516601562,nan,99.85941314697266
"Egypt",\N,\N,"EGY",120,\N,\N,98.881103515625,10.94332504272461,99.3828125
"Egypt","New Valley",\N,"EGY",120,1263,\N,99.89363098144531,5.090000152587891,99.9000015258789
"Egypt","North Sinai",\N,"EGY",120,1264,\N,99.89915466308594,nan,99.89999389648438
"Egypt","Port Said",\N,"EGY",120,1265,\N,98.94043731689453,nan,99.90000915527344
"Egypt","Qena",\N,"EGY",120,1266,\N,99.83103942871094,nan,99.9000015258789
"Egypt","Red Sea",\N,"EGY",120,1267,\N,99.77799224853516,11.199999809265137,99.83167266845703
"Egypt","Sharkia",\N,"EGY",120,1268,\N,97.58047485351562,nan,99.90000915527344
"Egypt","South Sinai",\N,"EGY",120,1269,\N,99.9000015258789,nan,99.9000015258789
"Egypt","Suez",\N,"EGY",120,1270,\N,99.9000015258789,nan,99.88719177246094
"Egypt","Suhag",\N,"EGY",120,1271,\N,92.38395690917969,nan,99.9000015258789
"Equatorial Guinea","Annobón",\N,"GNQ",121,1272,\N,nan,nan,nan
"Equatorial Guinea","Bioko Norte",\N,"GNQ",121,1273,\N,nan,nan,nan
"Equatorial Guinea","Bioko Sur",\N,"GNQ",121,1274,\N,nan,nan,nan
"Equatorial Guinea","Centro Sur",\N,"GNQ",121,1275,\N,82.4819564819336,7.141157150268555,96.48497772216797
"Equatorial Guinea","Kié-Ntem",\N,"GNQ",121,1276,\N,80.4000015258789,2,96.4000015258789
"Equatorial Guinea","Litoral",\N,"GNQ",121,1277,\N,79.57042694091797,12.308976173400879,92.18609619140625
"Equatorial Guinea",\N,\N,"GNQ",121,\N,\N,81.11176300048828,7.792898178100586,95.06407928466797
"Equatorial Guinea","Wele-Nzas",\N,"GNQ",121,1278,\N,80.4000015258789,2,96.40000915527344
"Eritrea","Anseba",\N,"ERI",122,1279,\N,6.6923651695251465,8.984251976013184,73.35820770263672
"Eritrea","Debub",\N,"ERI",122,1280,\N,6.280654430389404,nan,82
"Eritrea","Debubawi Keih Bahri",\N,"ERI",122,1281,\N,22.908185958862305,nan,67.05731201171875
"Eritrea","Gash Barka",\N,"ERI",122,1282,\N,2.3519651889801025,2.516035318374634,80.80624389648438
"Eritrea","Maekel",\N,"ERI",122,1283,\N,49.05451965332031,nan,nan
"Eritrea",\N,\N,"ERI",122,\N,\N,8.540423393249512,7.306940078735352,76.34706115722656
"Eritrea","Semienawi Keih Bahri",\N,"ERI",122,1284,\N,6.458456516265869,11.199999809265137,76.04132080078125
"Eswatini","Hhohho",\N,"SWZ",123,1285,\N,65.56159973144531,53.6622428894043,96.85102081298828
"Eswatini","Lubombo",\N,"SWZ",123,1286,\N,62.57668685913086,60.70426940917969,96.07089233398438
"Eswatini","Manzini",\N,"SWZ",123,1287,\N,64.79598236083984,67.41162872314453,98.39215087890625
"Eswatini",\N,\N,"SWZ",123,\N,\N,62.31198501586914,61.77895736694336,97.23347473144531
"Eswatini","Shiselweni",\N,"SWZ",123,1288,\N,56.7509880065918,64.9878921508789,98.07817077636719
"Ethiopia","Addis Ababa",\N,"ETH",124,1289,\N,82.02948760986328,nan,96.99507904052734
"Ethiopia","Afar",\N,"ETH",124,1290,\N,16.316682815551758,nan,77.23948669433594
"Ethiopia","Amhara",\N,"ETH",124,1291,\N,11.966728210449219,4.550219535827637,68.6830062866211
"Ethiopia","Benishangul Gumz",\N,"ETH",124,1292,\N,10.583144187927246,0.1075081005692482,79.6300048828125
"Ethiopia","Dire Dawa",\N,"ETH",124,1293,\N,52.844844818115234,nan,82.4163818359375
"Ethiopia","Gambela",\N,"ETH",124,1294,\N,8.229289054870605,0.26660940051078796,83.41190338134766
"Ethiopia","Harari",\N,"ETH",124,1295,\N,47.922637939453125,nan,92.0052719116211
"Ethiopia",\N,\N,"ETH",124,\N,\N,15.150508880615234,0.9672285318374634,77.1629867553711
"Ethiopia","Oromia",\N,"ETH",124,1296,\N,22.384769439697266,0.45000001788139343,89.48905944824219
"Ethiopia","Sidama",\N,"ETH",124,1297,\N,5.274781703948975,nan,74.84500885009766
"Ethiopia","Snnp",\N,"ETH",124,1298,\N,4.569662094116211,0.23999997973442078,74.17166137695312
"Ethiopia","Somali",\N,"ETH",124,1299,\N,9.330918312072754,nan,67.87199401855469
"Ethiopia","South West Ethiopia",\N,"ETH",124,1300,\N,4.359288692474365,0.22643141448497772,73.84900665283203
"Ethiopia","Tigray",\N,"ETH",124,1301,\N,41.12091827392578,2.4800000190734863,81.76557159423828
"Gabon","Estuaire",\N,"GAB",127,1304,\N,85.12427520751953,13.796520233154297,96.59505462646484
"Gabon","Haut-Ogooue",\N,"GAB",127,1305,\N,77.12533569335938,2.6539571285247803,87.18495178222656
"Gabon","Moyen-Ogooue",\N,"GAB",127,1306,\N,76.6023178100586,1.9423118829727173,96.26256561279297
"Gabon",\N,\N,"GAB",127,\N,\N,70.49894714355469,2.9710309505462646,92.93953704833984
"Gabon","Ngounie",\N,"GAB",127,1307,\N,63.31230926513672,2.522998332977295,91.0796127319336
"Gabon","Nyanga",\N,"GAB",127,1308,\N,63.243446350097656,2.3899574279785156,91.5590591430664
"Gabon","Ogooue-Ivindo",\N,"GAB",127,1309,\N,57.01752853393555,1.347517728805542,90.33808898925781
"Gabon","Ogooue-Lolo",\N,"GAB",127,1310,\N,71.94251251220703,1.018984317779541,95.35906982421875
"Gabon","Ogooue-Maritime",\N,"GAB",127,1311,\N,70.32899475097656,3.169426679611206,96.77952575683594
"Gabon","Woleu-Ntem",\N,"GAB",127,1312,\N,80.1582260131836,2.212003231048584,96.26881408691406
"Gambia","Banjul City Council",\N,"GMB",128,1313,\N,nan,nan,nan
"Gambia","Central River North",\N,"GMB",128,1314,\N,5.776627063751221,29.296541213989258,97.65978240966797
"Gambia","Central River South",\N,"GMB",128,1315,\N,1.3917807340621948,32.228004455566406,99.40129852294922
"Gambia","Kanifing Municipal Council",\N,"GMB",128,1316,\N,40.59999465942383,99.9000015258789,99.59999084472656
"Gambia","Lower River",\N,"GMB",128,1317,\N,13.914529800415039,70.59162139892578,98.5853042602539
"Gambia",\N,\N,"GMB",128,\N,\N,11.288177490234375,64.59748077392578,98.03670501708984
"Gambia","North Bank",\N,"GMB",128,1318,\N,2.1393814086914062,73.53646087646484,98.06319427490234
"Gambia","Upper River",\N,"GMB",128,1319,\N,6.1410813331604,84.60771942138672,97.27111053466797
"Gambia","West Coast",\N,"GMB",128,1320,\N,41.4593391418457,84.45548248291016,97.4823989868164
"Ghana","Ashanti",\N,"GHA",129,1321,\N,71.71366119384766,35.6118278503418,94.90985870361328
"Ghana","Brong Ahafo",\N,"GHA",129,1322,\N,63.51729965209961,25.545385360717773,96.15037536621094
"Ghana","Central",\N,"GHA",129,1323,\N,68.76467895507812,31.16581153869629,95.42945861816406
"Ghana","Eastern",\N,"GHA",129,1324,\N,71.67535400390625,23.09065055847168,93.27314758300781
"Ghana","Greater Accra",\N,"GHA",129,1325,\N,83.70738983154297,46.73845291137695,96.69086456298828
"Ghana",\N,\N,"GHA",129,\N,\N,57.847190856933594,21.017642974853516,94.28730010986328
"Ghana","Northern",\N,"GHA",129,1326,\N,47.34621047973633,9.375165939331055,94.09809112548828
"Ghana","Upper East",\N,"GHA",129,1327,\N,45.18388748168945,19.275484085083008,95.76021575927734
"Ghana","Upper West",\N,"GHA",129,1328,\N,36.26218795776367,12.188355445861816,89.07087707519531
"Ghana","Volta",\N,"GHA",129,1329,\N,53.73806381225586,18.917573928833008,94.3437728881836
"Ghana","Western",\N,"GHA",129,1330,\N,70.9771728515625,32.668949127197266,94.61287689208984
"Guinea","Boke",\N,"GIN",131,1332,\N,30.029359817504883,1.4532214403152466,99.71796417236328
"Guinea","Conakry",\N,"GIN",131,1333,\N,88.63033294677734,nan,99.5419692993164
"Guinea","Faranah",\N,"GIN",131,1334,\N,20.464841842651367,21.236373901367188,99.76439666748047
"Guinea","Kankan",\N,"GIN",131,1335,\N,32.798851013183594,20.798503875732422,99.79145812988281
"Guinea","Kindia",\N,"GIN",131,1336,\N,37.15610885620117,10.299884796142578,99.83377838134766
"Guinea","Labe",\N,"GIN",131,1337,\N,11.210217475891113,28.05064582824707,89.64398193359375
"Guinea","Mamou",\N,"GIN",131,1338,\N,18.23987579345703,7.834003925323486,99.69537353515625
"Guinea",\N,\N,"GIN",131,\N,\N,24.84239959716797,15.761232376098633,97.37336730957031
"Guinea","Nzerekore",\N,"GIN",131,1339,\N,10.838825225830078,7.419613361358643,89.90838623046875
"Guinea-Bissau","Bafatá",\N,"GNB",132,1340,\N,17.93490219116211,6.359764575958252,99.52690124511719
"Guinea-Bissau","Biombo",\N,"GNB",132,1341,\N,14.887575149536133,0.774486780166626,96.85415649414062
"Guinea-Bissau","Bolama/Bijagós",\N,"GNB",132,1342,\N,0.8273827433586121,0.5345911383628845,87.54332733154297
"Guinea-Bissau","Cacheu",\N,"GNB",132,1343,\N,5.743692398071289,5.1982831954956055,96.38774108886719
"Guinea-Bissau","Gabú",\N,"GNB",132,1344,\N,17.15709686279297,0.686427891254425,95.88065338134766
"Guinea-Bissau",\N,\N,"GNB",132,\N,\N,11.555036544799805,2.352222204208374,95.92744445800781
"Guinea-Bissau","Oio",\N,"GNB",132,1345,\N,11.043021202087402,0.2905196249485016,94.52001190185547
"Guinea-Bissau","Quinara",\N,"GNB",132,1346,\N,0.769180178642273,1.0732554197311401,94.76466369628906
"Guinea-Bissau","Sector Autonomo De Bissau",\N,"GNB",132,1347,\N,45.29703903198242,2.972675323486328,96.47567749023438
"Guinea-Bissau","Tombali",\N,"GNB",132,1348,\N,4.017726421356201,1.1904914379119873,95.72627258300781
"Kenya","Baringo",\N,"KEN",137,1353,\N,48.099998474121094,nan,93.5
"Kenya","Bomet",\N,"KEN",137,1354,\N,48.000755310058594,nan,93.48689270019531
"Kenya","Bungoma",\N,"KEN",137,1355,\N,42.885719299316406,nan,92.65845489501953
"Kenya","Busia",\N,"KEN",137,1356,\N,41.52968215942383,nan,92.24568939208984
"Kenya","Elgeyo-Marakwet",\N,"KEN",137,1357,\N,48.099998474121094,nan,93.50000762939453
"Kenya","Embu",\N,"KEN",137,1358,\N,43.046905517578125,nan,92.79142761230469
"Kenya","Garissa",\N,"KEN",137,1359,\N,18.270231246948242,nan,95.97489929199219
"Kenya","Homa Bay",\N,"KEN",137,1360,\N,42.80101776123047,nan,92.80013275146484
"Kenya","Ilemi Triangle",\N,"KEN",135,1351,\N,43.76774597167969,0.23999999463558197,86.84762573242188
"Kenya","Isiolo",\N,"KEN",137,1361,\N,41.7639045715332,nan,92.76080322265625
"Kenya","Kajiado",\N,"KEN",137,1362,\N,48.05033493041992,nan,93.46468353271484
"Kenya","Kakamega",\N,"KEN",137,1363,\N,43.52098846435547,nan,92.84715270996094
"Kenya","Kericho",\N,"KEN",137,1364,\N,47.76289367675781,nan,93.45547485351562
"Kenya","Kiambu",\N,"KEN",137,1365,\N,70.09800720214844,nan,95.44763946533203
"Kenya","Kilifi",\N,"KEN",137,1366,\N,43.5,nan,95
"Kenya","Kirinyaga",\N,"KEN",137,1367,\N,68.73646545410156,nan,95.27179718017578
"Kenya","Kisii",\N,"KEN",137,1368,\N,42.935791015625,nan,92.81793975830078
"Kenya","Kisumu",\N,"KEN",137,1369,\N,43.11146545410156,nan,92.84112548828125
"Kenya","Kitui",\N,"KEN",137,1370,\N,42.11920928955078,nan,92.73155212402344
"Kenya","Kwale",\N,"KEN",137,1371,\N,43.133575439453125,nan,94.9339828491211
"Kenya","Laikipia",\N,"KEN",137,1372,\N,48.48725891113281,nan,93.52594757080078
"Kenya","Lamu",\N,"KEN",137,1373,\N,42.86967849731445,nan,95.02698516845703
"Kenya","Machakos",\N,"KEN",137,1374,\N,42.88797378540039,nan,92.82550811767578
"Kenya","Makueni",\N,"KEN",137,1375,\N,42.27256774902344,nan,92.73636627197266
"Kenya","Mandera",\N,"KEN",137,1376,\N,17.52978515625,nan,94.98239135742188
"Kenya","Marsabit",\N,"KEN",137,1377,\N,41.93326950073242,nan,92.66036987304688
"Kenya","Meru",\N,"KEN",137,1378,\N,42.442134857177734,nan,92.73393249511719
"Kenya","Migori",\N,"KEN",137,1379,\N,42.35233688354492,nan,92.46769714355469
"Kenya","Mombasa",\N,"KEN",137,1380,\N,43.5,nan,95
"Kenya","Murang'A",\N,"KEN",137,1381,\N,70.60102081298828,nan,95.45182800292969
"Kenya",\N,\N,"KEN",137,\N,\N,39.4417610168457,0.23999999463558197,93.93218994140625
"Kenya","Nairobi",\N,"KEN",137,1382,\N,71.6808853149414,nan,98.1249008178711
"Kenya","Nakuru",\N,"KEN",137,1383,\N,48.43438720703125,nan,93.52908325195312
"Kenya","Nandi",\N,"KEN",137,1384,\N,47.697044372558594,nan,93.44608306884766
"Kenya","Narok",\N,"KEN",137,1385,\N,47.85819625854492,nan,93.40865325927734
"Kenya","Nyamira",\N,"KEN",137,1386,\N,43.015411376953125,nan,92.82845306396484
"Kenya","Nyandarua",\N,"KEN",137,1387,\N,68.5035400390625,nan,95.27422332763672
"Kenya","Nyeri",\N,"KEN",137,1388,\N,70.35163879394531,nan,95.4339370727539
"Kenya","Samburu",\N,"KEN",137,1389,\N,47.91769027709961,nan,93.47569274902344
"Kenya","Siaya",\N,"KEN",137,1390,\N,42.81566619873047,nan,92.79999542236328
"Kenya","Taita Taveta",\N,"KEN",137,1391,\N,43.503543853759766,nan,94.92827606201172
"Kenya","Tana River",\N,"KEN",137,1392,\N,43.25395965576172,nan,94.98104095458984
"Kenya","Tharaka-Nithi",\N,"KEN",137,1393,\N,42.67722702026367,nan,92.7557373046875
"Kenya","Trans Nzoia",\N,"KEN",137,1394,\N,46.785614013671875,nan,93.10407257080078
"Kenya","Turkana",\N,"KEN",137,1395,\N,47.74838638305664,0.23999999463558197,93.21920013427734
"Kenya","Uasin Gishu",\N,"KEN",137,1396,\N,47.97719955444336,nan,93.48245239257812
"Kenya","Vihiga",\N,"KEN",137,1397,\N,43.2657470703125,nan,92.82075500488281
"Kenya","Wajir",\N,"KEN",137,1398,\N,17.898056030273438,nan,96.02803802490234
"Kenya","West Pokot",\N,"KEN",137,1399,\N,47.2816162109375,nan,92.93293762207031
"Lesotho","Berea",\N,"LSO",138,1400,\N,43.19992446899414,49.28267288208008,90.99981689453125
"Lesotho","Butha-Buthe",\N,"LSO",138,1401,\N,33.450469970703125,33.36752700805664,92.2735824584961
"Lesotho","Leribe",\N,"LSO",138,1402,\N,40.808494567871094,47.90165710449219,91.13175964355469
"Lesotho","Mafeteng",\N,"LSO",138,1403,\N,34.05121994018555,50.4393196105957,87.16802215576172
"Lesotho","Maseru",\N,"LSO",138,1404,\N,47.011314392089844,60.35966110229492,92.06852722167969
"Lesotho","Mohale'S Hoek",\N,"LSO",138,1405,\N,26.08377456665039,38.68904495239258,85.58221435546875
"Lesotho","Mokhotlong",\N,"LSO",138,1406,\N,14.345311164855957,33.92803955078125,82.736572265625
"Lesotho",\N,\N,"LSO",138,\N,\N,27.781600952148438,42.025211334228516,86.82921600341797
"Lesotho","Qacha'S Nek",\N,"LSO",138,1407,\N,24.203641891479492,40.440032958984375,83.31453704833984
"Lesotho","Quthing",\N,"LSO",138,1408,\N,22.439985275268555,28.01458168029785,88.39385986328125
"Lesotho","Thaba-Tseka",\N,"LSO",138,1409,\N,11.023893356323242,38.86627197265625,81.24342346191406
"Liberia","Bomi",\N,"LBR",139,1410,\N,5.080539703369141,nan,59.27385330200195
"Liberia","Bong",\N,"LBR",139,1411,\N,6.838896751403809,nan,59.66801071166992
"Liberia","Gbarpolu",\N,"LBR",139,1412,\N,5.481622219085693,7.8271589279174805,45.050994873046875
"Liberia","Grand Bassa",\N,"LBR",139,1413,\N,7.956225872039795,nan,67.71986389160156
"Liberia","Grand Cape Mount",\N,"LBR",139,1414,\N,8.412591934204102,8.419677734375,61.550018310546875
"Liberia","Grand Gedeh",\N,"LBR",139,1415,\N,14.921904563903809,nan,71.04269409179688
"Liberia","Grand Kru",\N,"LBR",139,1416,\N,4.8586649894714355,nan,67.78634643554688
"Liberia","Lofa",\N,"LBR",139,1417,\N,4.960061550140381,6.96999979019165,66.9495849609375
"Liberia","Margibi",\N,"LBR",139,1418,\N,11.810813903808594,nan,69.24925994873047
"Liberia","Maryland",\N,"LBR",139,1419,\N,12.155166625976562,nan,68.52596282958984
"Liberia","Montserrado",\N,"LBR",139,1420,\N,42.602333068847656,nan,84.29019927978516
"Liberia",\N,\N,"LBR",139,\N,\N,8.417767524719238,7.7122368812561035,64.53248596191406
"Liberia","Nimba",\N,"LBR",139,1421,\N,6.580408096313477,nan,55.20623779296875
"Liberia","River Gee",\N,"LBR",139,1422,\N,9.070534706115723,nan,82.15843963623047
"Liberia","Rivercess",\N,"LBR",139,1423,\N,3.8837132453918457,nan,54.31266784667969
"Liberia","Sinoe",\N,"LBR",139,1424,\N,7.682216167449951,nan,79.73013305664062
"Libya","East",\N,"LBY",140,1425,\N,24.399856567382812,0.947016179561615,87.16654205322266
"Libya",\N,\N,"LBY",140,\N,\N,53.00453186035156,13.724776268005371,87.4075698852539
"Libya","South",\N,"LBY",140,1426,\N,55.08466339111328,14.949780464172363,84.82051086425781
"Libya","West",\N,"LBY",140,1427,\N,97.6302261352539,27.982891082763672,95.28831481933594
"Madagascar","Antananarivo",\N,"MDG",141,1428,\N,25.791908264160156,15.669633865356445,58.04683303833008
"Madagascar","Antsiranana",\N,"MDG",141,1429,\N,27.45582389831543,16.187780380249023,68.01514434814453
"Madagascar","Fianarantsoa",\N,"MDG",141,1430,\N,11.726178169250488,8.122430801391602,52.405460357666016
"Madagascar","Mahajanga",\N,"MDG",141,1431,\N,13.744458198547363,8.402209281921387,54.613975524902344
"Madagascar",\N,\N,"MDG",141,\N,\N,16.807010650634766,9.245868682861328,54.392852783203125
"Madagascar","Toamasina",\N,"MDG",141,1432,\N,24.48127555847168,10.887215614318848,55.2620849609375
"Madagascar","Toliara",\N,"MDG",141,1433,\N,13.58195972442627,5.990298271179199,50.38105392456055
"Malawi","Central Region",\N,"MWI",142,1434,\N,6.832849502563477,10.680636405944824,53.114871978759766
"Malawi",\N,\N,"MWI",142,\N,\N,9.340079307556152,10.815211296081543,57.05143737792969
"Malawi","Northern Region",\N,"MWI",142,1435,\N,14.128128051757812,12.692276954650879,68.77192687988281
"Malawi","Southern Region",\N,"MWI",142,1436,\N,8.171612739562988,9.46336841583252,51.859771728515625
"Mali","Bamako",\N,"MLI",143,1437,\N,83.7053451538086,53.37928009033203,97.82801818847656
"Mali","Gao",\N,"MLI",143,1438,\N,22.919832229614258,8.088037490844727,85.66146850585938
"Mali","Kayes",\N,"MLI",143,1439,\N,33.0224494934082,37.10441207885742,96.14652252197266
"Mali","Kidal",\N,"MLI",143,1440,\N,23.43112564086914,8.169990539550781,85.63800048828125
"Mali","Koulikoro",\N,"MLI",143,1441,\N,49.401493072509766,11.715453147888184,93.11568450927734
"Mali","Mopti",\N,"MLI",143,1442,\N,30.727622985839844,4.582195281982422,99.09830474853516
"Mali",\N,\N,"MLI",143,\N,\N,32.643470764160156,13.59743881225586,95.22439575195312
"Mali","Ségou",\N,"MLI",143,1444,\N,47.627532958984375,18.607208251953125,99.79789733886719
"Mali","Sikasso",\N,"MLI",143,1443,\N,51.28781509399414,18.41349983215332,99.77767181396484
"Mali","Tombouctou",\N,"MLI",143,1445,\N,31.691810607910156,12.02507495880127,99.78636169433594
"Mauritania","Adrar",\N,"MRT",144,1446,\N,48.735633850097656,5.883121490478516,91.09188842773438
"Mauritania","Assaba",\N,"MRT",144,1447,\N,22.058876037597656,9.476611137390137,81.81392669677734
"Mauritania","Brakna",\N,"MRT",144,1448,\N,22.41099739074707,4.211906909942627,93.76167297363281
"Mauritania","Dakhlet-Nouadhibou",\N,"MRT",144,1449,\N,61.868473052978516,49.31218338012695,98.0626220703125
"Mauritania","Gorgol",\N,"MRT",144,1450,\N,20.901277542114258,15.637581825256348,87.38616943359375
"Mauritania","Guidimakha",\N,"MRT",144,1451,\N,12.652252197265625,2.707012891769409,88.08183288574219
"Mauritania","Hodh Ech Chargi",\N,"MRT",144,1452,\N,10.128633499145508,1.9842767715454102,82.513916015625
"Mauritania","Hodh El Gharbi",\N,"MRT",144,1453,\N,20.091777801513672,1.7252447605133057,92.53113555908203
"Mauritania","Inchiri",\N,"MRT",144,1454,\N,53.32981491088867,37.40519714355469,96.85770416259766
"Mauritania",\N,\N,"MRT",144,\N,\N,47.70833206176758,10.673619270324707,90.40398406982422
"Mauritania","Nouakchott-Nord",\N,"MRT",144,1455,\N,77.4000015258789,22.200000762939453,91.30000305175781
"Mauritania","Nouakchott-Ouest",\N,"MRT",144,1456,\N,77.4000015258789,22.19999885559082,91.29999542236328
"Mauritania","Nouakchott-Sud",\N,"MRT",144,1457,\N,77.4000015258789,22.200000762939453,91.30000305175781
"Mauritania","Tagant",\N,"MRT",144,1458,\N,19.099946975708008,8.711623191833496,87.63004302978516
"Mauritania","Tiris-Zemmou",\N,"MRT",144,1459,\N,87.42497253417969,12.523649215698242,94.70021057128906
"Mauritania","Trarza",\N,"MRT",144,1460,\N,76.89775848388672,21.985050201416016,91.30591583251953
"Mauritius","Agalnga Islands",\N,"MUS",145,1461,\N,nan,nan,nan
"Mauritius","Cargados Carajos Shoals",\N,"MUS",145,1462,\N,nan,nan,nan
"Mauritius","Flacq",\N,"MUS",145,1463,\N,96.55037689208984,53.966068267822266,nan
"Mauritius","Grand Port",\N,"MUS",145,1464,\N,97.29907989501953,60.89149856567383,nan
"Mauritius","Moka",\N,"MUS",145,1465,\N,96.62323760986328,54.63992691040039,nan
"Mauritius",\N,\N,"MUS",145,\N,\N,96.93839263916016,56.63258361816406,nan
"Mauritius","Ole Rodrigues",\N,"MUS",145,1466,\N,97.5999984741211,32.70000076293945,nan
"Mauritius","Pamplemousses",\N,"MUS",145,1467,\N,96.50000762939453,53.5,nan
"Mauritius","Plaines Wilhems",\N,"MUS",145,1468,\N,97.19017791748047,59.88411331176758,nan
"Mauritius","Port-Louis",\N,"MUS",145,1469,\N,96.67137145996094,55.08517074584961,nan
"Mauritius","Rivinre Du Rempart",\N,"MUS",145,1470,\N,96.49999237060547,53.5,nan
"Mauritius","Rivinre Noire",\N,"MUS",145,1471,\N,97.30001068115234,60.90000534057617,nan
"Mauritius","Savannah",\N,"MUS",145,1472,\N,97.30000305175781,60.900001525878906,nan
"Morocco","Béni Mellal-Khénifra",\N,"MAR",147,1474,\N,99.28446197509766,50.807987213134766,nan
"Morocco","Drâa-Tafilalet",\N,"MAR",147,1475,\N,98.54375457763672,49.036678314208984,91.4000015258789
"Morocco","Fès-Meknès",\N,"MAR",147,1476,\N,99.9000015258789,58.158451080322266,nan
"Morocco","Grand Casablanca-Settat",\N,"MAR",147,1477,\N,99.3975601196289,46.58376693725586,nan
"Morocco","Guelmim-Oued Noun",\N,"MAR",147,1478,\N,97.00004577636719,46.6888427734375,91.4000015258789
"Morocco","Marrakech-Safi",\N,"MAR",147,1479,\N,99.85840606689453,39.72334671020508,nan
"Morocco",\N,\N,"MAR",147,\N,\N,98.85128021240234,48.103233337402344,90.62530517578125
"Morocco","Oriental",\N,"MAR",147,1480,\N,99.87581634521484,39.9193000793457,89.77940368652344
"Morocco","Rabat-Salé-Kénitra",\N,"MAR",147,1481,\N,99.89412689208984,62.772552490234375,nan
"Morocco","Souss-Massa",\N,"MAR",147,1482,\N,97.02192687988281,46.538631439208984,91.40000915527344
"Morocco","Tanger-Tétouan-Al Hoceima",\N,"MAR",147,1483,\N,99.9000015258789,62.38917541503906,nan
"Mozambique","Cabo Delgado",\N,"MOZ",148,1484,\N,20.37921905517578,6.5867156982421875,63.92744445800781
"Mozambique","Cidade De Maputo",\N,"MOZ",148,1485,\N,83.40420532226562,44.36322021484375,96.33284759521484
"Mozambique","Gaza",\N,"MOZ",148,1486,\N,41.482208251953125,37.55348205566406,87.83350372314453
"Mozambique","Inhambane",\N,"MOZ",148,1487,\N,26.99530029296875,29.80330467224121,84.70748901367188
"Mozambique","Manica",\N,"MOZ",148,1488,\N,29.828895568847656,26.826923370361328,85.10498809814453
"Mozambique","Maputo",\N,"MOZ",148,1489,\N,69.17892456054688,7.611039161682129,95.18441772460938
"Mozambique",\N,\N,"MOZ",148,\N,\N,25.40829086303711,11.916587829589844,70.05708312988281
"Mozambique","Nampula",\N,"MOZ",148,1490,\N,18.8810977935791,4.3426408767700195,54.473388671875
"Mozambique","Niassa",\N,"MOZ",148,1491,\N,20.767940521240234,0.18318483233451843,68.05061340332031
"Mozambique","Sofala",\N,"MOZ",148,1492,\N,33.32594680786133,13.629583358764648,80.59881591796875
"Mozambique","Tete",\N,"MOZ",148,1493,\N,19.254444122314453,1.6936973333358765,58.912479400634766
"Mozambique","Zambézia",\N,"MOZ",148,1494,\N,13.491340637207031,3.882366418838501,53.452354431152344
"Namibia","Erongo",\N,"NAM",149,1495,\N,74.12372589111328,14.256562232971191,99.89148712158203
"Namibia","Hardap",\N,"NAM",149,1496,\N,72.78016662597656,9.812383651733398,99.90000915527344
"Namibia","Karas",\N,"NAM",149,1497,\N,65.30641174316406,15.93413257598877,99.89154815673828
"Namibia","Kavango East",\N,"NAM",149,1498,\N,29.15176010131836,2.904994010925293,90.20478820800781
"Namibia","Kavango West",\N,"NAM",149,1499,\N,28.898469924926758,2.7807106971740723,90.151611328125
"Namibia","Khomas",\N,"NAM",149,1500,\N,68.0915756225586,22.273799896240234,99.9000015258789
"Namibia","Kunene",\N,"NAM",149,1501,\N,43.151817321777344,2.892393112182617,96.9855728149414
"Namibia",\N,\N,"NAM",149,\N,\N,54.72264099121094,9.43787956237793,98.9007568359375
"Namibia","Ohangwena",\N,"NAM",149,1502,\N,16.86691665649414,0.6261445879936218,99.53093719482422
"Namibia","Omaheke",\N,"NAM",149,1503,\N,38.678955078125,6.268502235412598,99.89205932617188
"Namibia","Omusati",\N,"NAM",149,1504,\N,16.40300750732422,0.7171836495399475,99.76687622070312
"Namibia","Oshana",\N,"NAM",149,1505,\N,35.94422149658203,3.665207624435425,99.8751449584961
"Namibia","Oshikoto",\N,"NAM",149,1506,\N,28.692790985107422,7.177199840545654,99.88945007324219
"Namibia","Otjozondjupa",\N,"NAM",149,1507,\N,65.14250183105469,8.888484001159668,99.86296844482422
"Namibia","Zambezi",\N,"NAM",149,1508,\N,41.55135726928711,3.534245014190674,98.3547592163086
"Niger","Agadez",\N,"NER",150,1509,\N,36.75204086303711,13.040884017944336,66.36933898925781
"Niger","Communauté Urbaine De Niamey",\N,"NER",150,1510,\N,35.70000076293945,nan,95
"Niger","Diffa",\N,"NER",150,1511,\N,24.39482307434082,3.7993125915527344,81.12730407714844
"Niger","Dosso",\N,"NER",150,1512,\N,7.180256366729736,25.691680908203125,80.91683197021484
"Niger","Maradi",\N,"NER",150,1513,\N,8.5404052734375,20.04137420654297,62.93761444091797
"Niger",\N,\N,"NER",150,\N,\N,27.266586303710938,15.081504821777344,69.53658294677734
"Niger","Tahoua",\N,"NER",150,1514,\N,8.358946800231934,13.644742965698242,75.8938217163086
"Niger","Tillabéri",\N,"NER",150,1515,\N,35.25893783569336,18.815467834472656,94.80526733398438
"Niger","Zinder",\N,"NER",150,1516,\N,7.215503692626953,23.26214599609375,50.78632736206055
"Nigeria","Abia",\N,"NGA",151,1517,\N,41.385040283203125,20.64529037475586,87.93987274169922
"Nigeria","Adamawa",\N,"NGA",151,1518,\N,10.187740325927734,18.233835220336914,66.08975982666016
"Nigeria","Akwa Lbom",\N,"NGA",151,1519,\N,20.124927520751953,27.387939453125,78.7142333984375
"Nigeria","Anambra",\N,"NGA",151,1520,\N,76.06414031982422,45.688106536865234,95.60469055175781
"Nigeria","Bauchi",\N,"NGA",151,1521,\N,2.885697603225708,14.230156898498535,69.7274169921875
"Nigeria","Bayelsa",\N,"NGA",151,1522,\N,36.55318832397461,31.67545509338379,82.26616668701172
"Nigeria","Benue",\N,"NGA",151,1523,\N,12.516569137573242,18.752111434936523,69.43356323242188
"Nigeria","Borno",\N,"NGA",151,1524,\N,14.625764846801758,21.007875442504883,83.6239013671875
"Nigeria","Cross River",\N,"NGA",151,1525,\N,9.825136184692383,25.35272789001465,65.05206298828125
"Nigeria","Delta",\N,"NGA",151,1526,\N,49.409324645996094,40.256553649902344,84.10548400878906
"Nigeria","Ebonyi",\N,"NGA",151,1527,\N,50.42189025878906,56.039276123046875,81.4132308959961
"Nigeria","Edo",\N,"NGA",151,1528,\N,76.32160949707031,44.22724914550781,93.68582916259766
"Nigeria","Ekiti",\N,"NGA",151,1529,\N,25.40260887145996,24.03314208984375,90.95329284667969
"Nigeria","Enugu",\N,"NGA",151,1530,\N,60.05683898925781,49.48720169067383,90.41595458984375
"Nigeria","Federal Capital Territory",\N,"NGA",151,1531,\N,57.4574089050293,53.238895416259766,87.00642395019531
"Nigeria","Gombe",\N,"NGA",151,1532,\N,13.123909950256348,31.389171600341797,72.2102279663086
"Nigeria","Imo",\N,"NGA",151,1533,\N,52.72475051879883,53.1715202331543,93.26852416992188
"Nigeria","Jigawa",\N,"NGA",151,1534,\N,1.8486660718917847,27.66069221496582,57.37818908691406
"Nigeria","Kaduna",\N,"NGA",151,1535,\N,52.1380615234375,43.67434310913086,87.9496841430664
"Nigeria","Kano",\N,"NGA",151,1536,\N,26.426748275756836,28.51966667175293,82.93629455566406
"Nigeria","Katsina",\N,"NGA",151,1537,\N,5.505518436431885,21.239368438720703,67.42156982421875
"Nigeria","Kebbi",\N,"NGA",151,1538,\N,12.477255821228027,11.432404518127441,57.85736083984375
"Nigeria","Kogi",\N,"NGA",151,1539,\N,31.843778610229492,34.34756851196289,90.33160400390625
"Nigeria","Kwara",\N,"NGA",151,1540,\N,58.69247817993164,34.375328063964844,89.9312744140625
"Nigeria","Lagos",\N,"NGA",151,1541,\N,87.46796417236328,63.811397552490234,92.77587127685547
"Nigeria",\N,\N,"NGA",151,\N,\N,24.161359786987305,27.326974868774414,76.50166320800781
"Nigeria","Nassarawa",\N,"NGA",151,1542,\N,18.614364624023438,20.831262588500977,79.70262145996094
"Nigeria","Niger",\N,"NGA",151,1543,\N,39.67534255981445,26.6463623046875,82.89749908447266
"Nigeria","Ogun",\N,"NGA",151,1544,\N,31.928911209106445,36.01620101928711,80.57275390625
"Nigeria","Ondo",\N,"NGA",151,1545,\N,18.67058563232422,34.925537109375,86.15242004394531
"Nigeria","Osun",\N,"NGA",151,1546,\N,53.41761779785156,32.34275436401367,94.5741195678711
"Nigeria","Oyo",\N,"NGA",151,1547,\N,41.673118591308594,31.39827537536621,84.39430236816406
"Nigeria","Plateau",\N,"NGA",151,1548,\N,12.516161918640137,33.1933479309082,79.46653747558594
"Nigeria","Rivers",\N,"NGA",151,1549,\N,43.50425720214844,42.30597686767578,85.5186767578125
"Nigeria","Sokoto",\N,"NGA",151,1550,\N,20.707712173461914,22.204633712768555,41.9915657043457
"Nigeria","Taraba",\N,"NGA",151,1551,\N,3.918243646621704,33.56000518798828,74.09512329101562
"Nigeria","Yobe",\N,"NGA",151,1552,\N,7.313615322113037,15.85750675201416,69.18909454345703
"Nigeria","Zamfara",\N,"NGA",151,1553,\N,6.765771865844727,15.82783031463623,70.3314437866211
"Rwanda","Amajyaruguru",\N,"RWA",152,1554,\N,8.371402740478516,0.550000011920929,73.82646179199219
"Rwanda","Amajyepfo",\N,"RWA",152,1555,\N,8.484135627746582,nan,66.84559631347656
"Rwanda","Iburasirazuba",\N,"RWA",152,1556,\N,14.354571342468262,nan,80.31891632080078
"Rwanda","Iburengerazuba",\N,"RWA",152,1557,\N,12.919909477233887,0.38799309730529785,75.62422180175781
"Rwanda",\N,\N,"RWA",152,\N,\N,12.551431655883789,0.3926728069782257,75.51626586914062
"Rwanda","Umujyi Wa Kigali",\N,"RWA",152,1558,\N,38.203208923339844,nan,90.79765319824219
"Sao Tome And Principe",\N,\N,"STP",154,\N,\N,98.67772674560547,48.4682502746582,80.9224624633789
"Sao Tome And Principe","Príncipe",\N,"STP",154,1563,\N,99.90000915527344,81.19999694824219,92.40000915527344
"Sao Tome And Principe","São Tomé",\N,"STP",154,1564,\N,98.50845336914062,43.93507385253906,79.33289337158203
"Senegal","Dakar",\N,"SEN",155,1565,\N,89.15727996826172,26.321460723876953,86.60395050048828
"Senegal","Diourbel",\N,"SEN",155,1566,\N,72.15985107421875,11.65028190612793,88.35945129394531
"Senegal","Fatick",\N,"SEN",155,1567,\N,54.1739501953125,5.488769054412842,92.28568267822266
"Senegal","Kaffrine",\N,"SEN",155,1568,\N,53.3244743347168,4.559247970581055,84.07828521728516
"Senegal","Kaolack",\N,"SEN",155,1569,\N,53.06451416015625,4.916847229003906,84.54383087158203
"Senegal","Kédougou",\N,"SEN",155,1571,\N,39.27769088745117,3.175002098083496,77.97451782226562
"Senegal","Kolda",\N,"SEN",155,1570,\N,38.930458068847656,4.676891803741455,86.3544921875
"Senegal","Louga",\N,"SEN",155,1572,\N,59.14134979248047,8.121442794799805,90.66610717773438
"Senegal","Matam",\N,"SEN",155,1573,\N,48.61153793334961,5.672759056091309,89.397216796875
"Senegal",\N,\N,"SEN",155,\N,\N,48.91646194458008,5.444550037384033,85.57528686523438
"Senegal","Saint Louis",\N,"SEN",155,1574,\N,48.97005844116211,5.885076999664307,89.81166076660156
"Senegal","Saint-Louis",\N,"SEN",155,1575,\N,49.88384246826172,5.858816146850586,89.78580474853516
"Senegal","Sédhiou",\N,"SEN",155,1576,\N,39.5651969909668,4.220808506011963,86.25947570800781
"Senegal","Tambacounda",\N,"SEN",155,1577,\N,39.71965789794922,3.3825435638427734,77.87760162353516
"Senegal","Thiès",\N,"SEN",155,1578,\N,80.61254119873047,11.008081436157227,97.82333374023438
"Senegal","Ziguinchor",\N,"SEN",155,1579,\N,57.78174591064453,5.120737075805664,85.60265350341797
"Seychelles","La Digue",\N,"SYC",156,1580,\N,nan,nan,nan
"Seychelles","Mahe",\N,"SYC",156,1581,\N,nan,nan,nan
"Seychelles",\N,\N,"SYC",156,\N,\N,nan,nan,nan
"Seychelles","Other Islands",\N,"SYC",156,1582,\N,nan,nan,nan
"Seychelles","Praslin",\N,"SYC",156,1583,\N,nan,nan,nan
"Sierra Leone","Eastern",\N,"SLE",157,1584,\N,7.566885471343994,10.037160873413086,81.52458953857422
"Sierra Leone",\N,\N,"SLE",157,\N,\N,9.753373146057129,8.736604690551758,81.17664337158203
"Sierra Leone","North Western",\N,"SLE",157,1585,\N,14.267892837524414,12.364080429077148,79.47760772705078
"Sierra Leone","Northern",\N,"SLE",157,1586,\N,10.659151077270508,7.063866138458252,88.86563873291016
"Sierra Leone","Southern",\N,"SLE",157,1587,\N,6.8180718421936035,6.70844841003418,73.10066223144531
"Sierra Leone","Western",\N,"SLE",157,1588,\N,38.960941314697266,24.3455867767334,96.57400512695312
"Somalia","Awdal",\N,"SOM",158,1589,\N,28.090383529663086,nan,94.52790832519531
"Somalia","Bakool",\N,"SOM",158,1590,\N,0.15491536259651184,nan,0.9655243754386902
"Somalia","Banadir",\N,"SOM",158,1591,\N,8.837458610534668,nan,18.86699104309082
"Somalia","Bari",\N,"SOM",158,1592,\N,17.351919174194336,nan,99.79744720458984
"Somalia","Bay",\N,"SOM",158,1593,\N,1.6358821392059326,nan,4.376295566558838
"Somalia","Galgaduud",\N,"SOM",158,1594,\N,0.14967426657676697,nan,2.06840181350708
"Somalia","Gedo",\N,"SOM",158,1595,\N,2.9756810665130615,nan,10.330963134765625
"Somalia","Hiraan",\N,"SOM",158,1596,\N,0.4850620925426483,nan,0.7522640228271484
"Somalia","Lower Juba",\N,"SOM",158,1597,\N,0.4697786569595337,nan,3.181324005126953
"Somalia","Lower Shabelle",\N,"SOM",158,1598,\N,3.937098979949951,nan,9.398365020751953
"Somalia","Middle Juba",\N,"SOM",158,1599,\N,0.08270907402038574,nan,0.2729482650756836
"Somalia","Middle Shabelle",\N,"SOM",158,1600,\N,3.050900459289551,nan,6.77714729309082
"Somalia","Mudug",\N,"SOM",158,1601,\N,12.027338981628418,nan,99.20111083984375
"Somalia",\N,\N,"SOM",158,\N,\N,9.444804191589355,nan,50.795326232910156
"Somalia","Nugaal",\N,"SOM",158,1602,\N,14.28565788269043,nan,99.85587310791016
"Somalia","Sanaag",\N,"SOM",158,1603,\N,10.341080665588379,nan,80.36624145507812
"Somalia","Sool",\N,"SOM",158,1604,\N,10.836193084716797,nan,89.37493133544922
"Somalia","Togdheer",\N,"SOM",158,1605,\N,18.822772979736328,nan,99.52143096923828
"Somalia","Woqooyi Galbeed",\N,"SOM",158,1606,\N,42.85470962524414,nan,98.20726776123047
"South Africa","Eastern Cape",\N,"ZAF",159,1607,\N,65.71856689453125,6.178219795227051,99.87104797363281
"South Africa","Free State",\N,"ZAF",159,1608,\N,80.67543029785156,7.624856472015381,97.69549560546875
"South Africa","Gauteng",\N,"ZAF",159,1609,\N,80.94392395019531,18.048730850219727,98.09638977050781
"South Africa","Kwa-Zulu Natal",\N,"ZAF",159,1610,\N,77.95275115966797,10.09745979309082,99.84060668945312
"South Africa","Limpopo",\N,"ZAF",159,1611,\N,75.02542114257812,4.304558277130127,99.86372375488281
"South Africa","Mpumalanga",\N,"ZAF",159,1612,\N,65.79078674316406,7.042667865753174,99.84973907470703
"South Africa",\N,\N,"ZAF",159,\N,\N,78.10066986083984,8.828816413879395,98.89241027832031
"South Africa","North West",\N,"ZAF",159,1613,\N,72.64053344726562,5.667757987976074,99.87091064453125
"South Africa","Northern Cape",\N,"ZAF",159,1614,\N,82.12396240234375,7.389003276824951,97.81610870361328
"South Africa","Wc",\N,"ZAF",159,1615,\N,93.95814514160156,22.955984115600586,99.10676574707031
"South Africa","Western Cape",\N,"ZAF",159,1616,\N,93.95911407470703,22.835058212280273,99.0838623046875
"South Sudan","Abyei",\N,"SSD",100,1000,\N,19.313709259033203,1.6174235343933105,74.06483459472656
"South Sudan","Central Equatoria",\N,"SSD",160,1617,\N,23.89036750793457,0.2065453678369522,98.49102783203125
"South Sudan","Eastern Equatoria",\N,"SSD",160,1618,\N,3.661222457885742,0.23958547413349152,26.00743865966797
"South Sudan","Ilemi Triangle",\N,"SSD",135,1351,\N,43.76774597167969,0.23999999463558197,86.84762573242188
"South Sudan","Jonglei",\N,"SSD",160,1619,\N,0.16105248034000397,0.1920081526041031,11.611082077026367
"South Sudan","Lakes",\N,"SSD",160,1620,\N,0.20310074090957642,0.1997290700674057,32.94548034667969
"South Sudan",\N,\N,"SSD",160,\N,\N,8.854742050170898,0.31350234150886536,45.828861236572266
"South Sudan","Northern Bahr El Ghazal",\N,"SSD",160,1621,\N,0.8012327551841736,0.39758166670799255,14.466915130615234
"South Sudan","Unity",\N,"SSD",160,1622,\N,5.231293678283691,0.18983671069145203,52.363922119140625
"South Sudan","Upper Nile",\N,"SSD",160,1623,\N,15.705737113952637,0.45213907957077026,76.9427261352539
"South Sudan","Warrap",\N,"SSD",160,1624,\N,0.5325918793678284,0.13522714376449585,25.773332595825195
"South Sudan","Western Bahr El Ghazal",\N,"SSD",160,1625,\N,28.031352996826172,0.5079624056816101,72.50363159179688
"South Sudan","Western Equatoria",\N,"SSD",160,1626,\N,0.29390332102775574,0.255567342042923,45.94880676269531
"Sudan","Abyei",\N,"SDN",100,1000,\N,19.313709259033203,1.6174235343933105,74.06483459472656
"Sudan","Aj Jazirah",\N,"SDN",161,1627,\N,66.77000427246094,3.9834399223327637,95.13566589355469
"Sudan","Bīr Ṭawīl",\N,"SDN",110,1132,\N,96.96060943603516,8.819931983947754,98.2574691772461
"Sudan","Blue Nile",\N,"SDN",161,1628,\N,39.29928207397461,0.29760634899139404,99.08976745605469
"Sudan","Central Darfur",\N,"SDN",161,1629,\N,18.891948699951172,0.7110494375228882,86.85044860839844
"Sudan","East Darfur",\N,"SDN",161,1630,\N,16.719987869262695,1.6244685649871826,79.07603454589844
"Sudan","Gedaref",\N,"SDN",161,1631,\N,32.562530517578125,2.602123975753784,79.30217742919922
"Sudan","Hala'Ib Triangle",\N,"SDN",133,1349,\N,56.64272689819336,11.200000762939453,73.33332061767578
"Sudan","Kassala",\N,"SDN",161,1632,\N,34.69843673706055,2.543152332305908,75.2870864868164
"Sudan","Khartoum",\N,"SDN",161,1633,\N,77.88740539550781,21.210725784301758,93.99414825439453
"Sudan",\N,\N,"SDN",161,\N,\N,44.54684829711914,3.6840829849243164,83.2152099609375
"Sudan","North Darfur",\N,"SDN",161,1634,\N,0.9129791259765625,0.5950436592102051,75.5459213256836
"Sudan","North Kordofan",\N,"SDN",161,1635,\N,19.6480655670166,1.6781537532806396,74.66838073730469
"Sudan","Northern",\N,"SDN",161,1636,\N,97.32717895507812,5.063838005065918,99.71707916259766
"Sudan","Red Sea",\N,"SDN",161,1637,\N,56.0666389465332,11.167228698730469,73.05304718017578
"Sudan","River Nile",\N,"SDN",161,1638,\N,91.42707824707031,2.8113081455230713,95.49800872802734
"Sudan","Sennar",\N,"SDN",161,1639,\N,51.86807632446289,9.029597282409668,84.97473907470703
"Sudan","South Darfur",\N,"SDN",161,1640,\N,17.01226806640625,1.5545103549957275,79.61740112304688
"Sudan","South Kordofan",\N,"SDN",161,1641,\N,15.940637588500977,0.4708171784877777,78.79148864746094
"Sudan","West Darfur",\N,"SDN",161,1642,\N,18.491954803466797,0.7508304715156555,86.610107421875
"Sudan","West Kordofan",\N,"SDN",161,1643,\N,19.254898071289062,1.6079877614974976,74.72899627685547
"Sudan","White Nile",\N,"SDN",161,1644,\N,41.85173797607422,0.9292483329772949,69.26763916015625
"Togo","Centrale",\N,"TGO",162,1645,\N,28.995641708374023,34.6447868347168,84.64066314697266
"Togo","Kara",\N,"TGO",162,1646,\N,31.522300720214844,35.44148254394531,92.0080795288086
"Togo","Maritime",\N,"TGO",162,1647,\N,12.386195182800293,29.40131187438965,75.5678939819336
"Togo",\N,\N,"TGO",162,\N,\N,25.93796730041504,29.441720962524414,87.19518280029297
"Togo","Plateaux",\N,"TGO",162,1648,\N,27.8011531829834,25.815427780151367,88.75609588623047
"Togo","Savanes",\N,"TGO",162,1649,\N,19.85918426513672,20.49373435974121,90.13190460205078
"Tunisia","Ariana",\N,"TUN",164,1651,\N,99.25153350830078,46.19901657104492,98.56095123291016
"Tunisia","Beja",\N,"TUN",164,1652,\N,99.74586486816406,33.18445587158203,96.48262023925781
"Tunisia","Ben Arous",\N,"TUN",164,1653,\N,98.53910064697266,44.71479034423828,97.98704528808594
"Tunisia","Bizerte",\N,"TUN",164,1654,\N,95.98783111572266,39.058807373046875,95.87176513671875
"Tunisia","Gabes",\N,"TUN",164,1655,\N,98.02576446533203,31.046619415283203,97.9990234375
"Tunisia","Gafsa",\N,"TUN",164,1656,\N,99.72406005859375,37.969181060791016,98.77169036865234
"Tunisia","Jendouba",\N,"TUN",164,1657,\N,99.86441040039062,32.49074172973633,96.53558349609375
"Tunisia","Kairouan",\N,"TUN",164,1658,\N,98.36030578613281,19.58025360107422,95.18994903564453
"Tunisia","Kasserine",\N,"TUN",164,1659,\N,98.44306945800781,19.43988037109375,95.26005554199219
"Tunisia","Kebili",\N,"TUN",164,1660,\N,99.72347259521484,38.355194091796875,98.8364028930664
"Tunisia","Le Kef",\N,"TUN",164,1661,\N,99.84857177734375,32.38970184326172,96.48341369628906
"Tunisia","Mahdia",\N,"TUN",164,1662,\N,96.63925170898438,36.998802185058594,94.12398529052734
"Tunisia","Manouba",\N,"TUN",164,1663,\N,99.03636169433594,44.93315124511719,98.24344635009766
"Tunisia","Mednine",\N,"TUN",164,1664,\N,98.00918579101562,30.939817428588867,98.00460052490234
"Tunisia","Monastir",\N,"TUN",164,1665,\N,96.5999984741211,37.400001525878906,94.0999984741211
"Tunisia",\N,\N,"TUN",164,\N,\N,98.43032836914062,32.367767333984375,97.13658142089844
"Tunisia","Nabeul",\N,"TUN",164,1666,\N,95.71194458007812,38.78141784667969,95.67876434326172
"Tunisia","Sfax",\N,"TUN",164,1667,\N,96.656005859375,36.88587951660156,94.15699005126953
"Tunisia","Sidi Bouzid",\N,"TUN",164,1668,\N,98.38797760009766,20.03864288330078,95.29133605957031
"Tunisia","Siliana",\N,"TUN",164,1669,\N,99.74211883544922,32.00020217895508,96.39885711669922
"Tunisia","Sousse",\N,"TUN",164,1670,\N,96.63709259033203,36.93544006347656,94.14620971679688
"Tunisia","Tataouine",\N,"TUN",164,1671,\N,97.9970932006836,30.862462997436523,97.95060729980469
"Tunisia","Tozeur",\N,"TUN",164,1672,\N,99.73834991455078,38.3412971496582,98.72661590576172
"Tunisia","Tunis",\N,"TUN",164,1673,\N,99.30000305175781,46.29999923706055,98.5999984741211
"Tunisia","Zaghouan",\N,"TUN",164,1674,\N,95.94853210449219,37.9154167175293,95.63996887207031
"Uganda","Central",\N,"UGA",165,1675,\N,33.098209381103516,nan,94.01475524902344
"Uganda","Eastern",\N,"UGA",165,1676,\N,12.599349021911621,nan,82.00023651123047
"Uganda",\N,\N,"UGA",165,\N,\N,13.878948211669922,0.8102561235427856,77.89635467529297
"Uganda","Northern",\N,"UGA",165,1677,\N,5.942252159118652,0.6502962708473206,64.70184326171875
"Uganda","Western",\N,"UGA",165,1678,\N,12.646429061889648,0.9618332982063293,84.576416015625
"United Republic of Tanzania","Arusha",\N,"TZA",166,1679,\N,27.91552734375,nan,85.79234313964844
"United Republic of Tanzania","Dar Es Salaam",\N,"TZA",166,1680,\N,60.010318756103516,nan,95.48681640625
"United Republic of Tanzania","Dodoma",\N,"TZA",166,1681,\N,29.51239013671875,nan,84.8976821899414
"United Republic of Tanzania","Geita",\N,"TZA",166,1682,\N,33.070865631103516,nan,86.3487319946289
"United Republic of Tanzania","Iringa",\N,"TZA",166,1683,\N,31.063865661621094,nan,84.08554077148438
"United Republic of Tanzania","Kagera",\N,"TZA",166,1684,\N,24.84993553161621,nan,79.6516342163086
"United Republic of Tanzania","Kaskazini Pemba",\N,"TZA",166,1685,\N,23.795774459838867,nan,91.9627914428711
"United Republic of Tanzania","Kaskazini Unguja",\N,"TZA",166,1686,\N,23.299999237060547,nan,84.00000762939453
"United Republic of Tanzania","Katavi",\N,"TZA",166,1687,\N,14.87109375,nan,73.1063461303711
"United Republic of Tanzania","Kigoma",\N,"TZA",166,1688,\N,18.613492965698242,nan,78.84138488769531
"United Republic of Tanzania","Kilimanjaro",\N,"TZA",166,1689,\N,43.064964294433594,nan,89.27546691894531
"United Republic of Tanzania","Kusini Pemba",\N,"TZA",166,1690,\N,30.89999771118164,nan,89.5
"United Republic of Tanzania","Kusini Unguja",\N,"TZA",166,1691,\N,46.12905502319336,nan,92.6529541015625
"United Republic of Tanzania","Lindi",\N,"TZA",166,1692,\N,10.123183250427246,nan,76.68073272705078
"United Republic of Tanzania","Manyara",\N,"TZA",166,1693,\N,27.85398292541504,nan,85.90475463867188
"United Republic of Tanzania","Mara",\N,"TZA",166,1694,\N,26.551746368408203,nan,83.74349975585938
"United Republic of Tanzania","Mbeya",\N,"TZA",166,1695,\N,26.541616439819336,12.899998664855957,81.25945281982422
"United Republic of Tanzania","Mjini Magharibi",\N,"TZA",166,1696,\N,50.05806350708008,nan,92.21623229980469
"United Republic of Tanzania","Morogoro",\N,"TZA",166,1697,\N,20.817893981933594,nan,83.31786346435547
"United Republic of Tanzania","Mtwara",\N,"TZA",166,1698,\N,16.23912811279297,5.328930377960205,70.83329772949219
"United Republic of Tanzania","Mwanza",\N,"TZA",166,1699,\N,33.311546325683594,nan,86.46539306640625
"United Republic of Tanzania",\N,\N,"TZA",166,\N,\N,23.14946937561035,5.7255024909973145,81.92371368408203
"United Republic of Tanzania","Njombe",\N,"TZA",166,1700,\N,31.04456329345703,12.899999618530273,83.93359375
"United Republic of Tanzania","Pwani",\N,"TZA",166,1701,\N,37.44857406616211,nan,91.42350769042969
"United Republic of Tanzania","Rukwa",\N,"TZA",166,1702,\N,14.885947227478027,1.4700000286102295,72.956298828125
"United Republic of Tanzania","Ruvuma",\N,"TZA",166,1703,\N,20.134963989257812,3.0299792289733887,79.26693725585938
"United Republic of Tanzania","Shinyanga",\N,"TZA",166,1704,\N,17.032379150390625,nan,68.58028411865234
"United Republic of Tanzania","Simiyu",\N,"TZA",166,1705,\N,16.876663208007812,nan,68.09477996826172
"United Republic of Tanzania","Singida",\N,"TZA",166,1706,\N,23.275789260864258,nan,82.88088989257812
"United Republic of Tanzania","Songwe",\N,"TZA",166,1707,\N,26.36443519592285,7.715224266052246,80.92353057861328
"United Republic of Tanzania","Tabora",\N,"TZA",166,1708,\N,20.640012741088867,nan,88.57835388183594
"United Republic of Tanzania","Tanga",\N,"TZA",166,1709,\N,21.781776428222656,nan,90.8300552368164
"Western Sahara",\N,\N,"ESH",167,\N,\N,96.84666442871094,46.37325668334961,94.97318267822266
"Western Sahara","Western Sahara",\N,"ESH",167,1710,\N,96.84666442871094,46.37325668334961,94.97318267822266
"Zambia","Central",\N,"ZMB",168,1711,\N,25.729642868041992,7.832420349121094,85.3560791015625
"Zambia","Copperbelt",\N,"ZMB",168,1712,\N,61.835758209228516,11.350845336914062,89.22864532470703
"Zambia","Eastern",\N,"ZMB",168,1713,\N,18.255023956298828,2.618661642074585,81.8917465209961
"Zambia","Luapula",\N,"ZMB",168,1714,\N,17.107948303222656,4.275664329528809,60.17113494873047
"Zambia","Lusaka",\N,"ZMB",168,1715,\N,72.323486328125,19.431631088256836,90.03103637695312
"Zambia","Muchiga",\N,"ZMB",168,1716,\N,16.63738441467285,1.5605964660644531,62.28940963745117
"Zambia",\N,\N,"ZMB",168,\N,\N,25.253135681152344,7.143412113189697,72.503173828125
"Zambia","North-Western",\N,"ZMB",168,1717,\N,31.15559196472168,18.364748001098633,70.56295013427734
"Zambia","Northern",\N,"ZMB",168,1718,\N,16.607507705688477,1.4940073490142822,61.96449279785156
"Zambia","Southern",\N,"ZMB",168,1719,\N,27.701251983642578,6.125739097595215,89.50028991699219
"Zambia","Western",\N,"ZMB",168,1720,\N,17.01831817626953,2.809398889541626,61.108028411865234
"Zimbabwe","Bulawayo",\N,"ZWE",169,1721,\N,62.67094421386719,33.42394256591797,93.10186767578125
"Zimbabwe","Harare",\N,"ZWE",169,1722,\N,73.20816802978516,45.39030075073242,95.92678833007812
"Zimbabwe","Manicaland",\N,"ZWE",169,1723,\N,21.715776443481445,32.51996994018555,89.14176177978516
"Zimbabwe","Mashonaland Central",\N,"ZWE",169,1724,\N,18.88401985168457,16.324539184570312,80.05274200439453
"Zimbabwe","Mashonaland East",\N,"ZWE",169,1725,\N,23.873165130615234,39.8929328918457,85.06450653076172
"Zimbabwe","Mashonaland West",\N,"ZWE",169,1726,\N,24.637248992919922,21.395793914794922,87.53793334960938
"Zimbabwe","Masvingo",\N,"ZWE",169,1727,\N,15.272200584411621,18.20079231262207,86.3434066772461
"Zimbabwe","Matebeleland North",\N,"ZWE",169,1728,\N,13.631303787231445,8.07651424407959,74.48638916015625
"Zimbabwe","Matebeleland South",\N,"ZWE",169,1729,\N,30.579980850219727,35.92749786376953,89.330322265625
"Zimbabwe","Midlands",\N,"ZWE",169,1730,\N,29.71411895751953,31.74331283569336,86.71826934814453
"Zimbabwe",\N,\N,"ZWE",169,\N,\N,22.052978515625,24.000749588012695,84.43815612792969
